,price,type,address,url,postcode,number_bedrooms,search_date
0,2275,2 bedroom apartment,"King Edward's Road, London, E9",http://www.rightmove.co.uk/property-to-rent/property-61900397.html,E9,2,07/10/2016
1,1387,1 bedroom apartment,"Massie Road,E8 1BY",http://www.rightmove.co.uk/property-to-rent/property-61594598.html,E8,1,07/10/2016
2,1278,Studio flat,"Dalston Lane, Hackney, E8",http://www.rightmove.co.uk/property-to-rent/property-44745921.html,E8,0,07/10/2016
3,1430,1 bedroom flat,"Queensbridge Road, Dalston, E8",http://www.rightmove.co.uk/property-to-rent/property-44735163.html,E8,1,07/10/2016
4,1300,1 bedroom flat,"Mare Street, London, E8",http://www.rightmove.co.uk/property-to-rent/property-62368772.html,E8,1,07/10/2016
5,1777,2 bedroom flat,"Reading Lane,London,E8",http://www.rightmove.co.uk/property-to-rent/property-18081284.html,E8,2,07/10/2016
6,2773,2 bedroom apartment,"Charles Hayward Building, Goldsmiths Row, London, E2",http://www.rightmove.co.uk/property-to-rent/property-62366243.html,E2,2,07/10/2016
7,3195,3 bedroom apartment,Electric Lofts 9-11 London Lane,http://www.rightmove.co.uk/property-to-rent/property-44719938.html,,3,07/10/2016
8,1603,1 bedroom flat,"Kay Street, Bethnal Green",http://www.rightmove.co.uk/property-to-rent/property-56396275.html,,1,07/10/2016
9,1668,1 bedroom ground maisonette,"Hackney Road, London",http://www.rightmove.co.uk/property-to-rent/property-62351612.html,,1,07/10/2016
10,2275,2 bedroom apartment,"Vibe, Beechwood Road, London, E8",http://www.rightmove.co.uk/property-to-rent/property-56394793.html,E8,2,07/10/2016
11,1733,1 bedroom apartment,"Vibe, Beechwood Road, London, E8",http://www.rightmove.co.uk/property-to-rent/property-56394787.html,E8,1,07/10/2016
12,1842,1 bedroom flat,"Gloucester Square, Whiston Road, Hackney",http://www.rightmove.co.uk/property-to-rent/property-44330919.html,,1,07/10/2016
13,1885,2 bedroom maisonette,"Graham Road, London, E8",http://www.rightmove.co.uk/property-to-rent/property-56137480.html,E8,2,07/10/2016
14,1408,1 bedroom flat,"Brougham Road, Hackney",http://www.rightmove.co.uk/property-to-rent/property-45330775.html,,1,07/10/2016
15,1775,3 bedroom flat,"Graham Road, Hackney, E8",http://www.rightmove.co.uk/property-to-rent/property-53053952.html,E8,3,07/10/2016
16,1850,2 bedroom flat,"Queensbridge Road, London, Hackney, E2",http://www.rightmove.co.uk/property-to-rent/property-62337491.html,E2,2,07/10/2016
17,3250,3 bedroom apartment,"Goldsmiths Row, London, E2",http://www.rightmove.co.uk/property-to-rent/property-56381410.html,E2,3,07/10/2016
18,2990,3 bedroom detached house,"Navarino Road, Dalston, LONDON, E8",http://www.rightmove.co.uk/property-to-rent/property-43639377.html,E8,3,07/10/2016
19,1668,1 bedroom flat,"Hackney Road, Hoxton",http://www.rightmove.co.uk/property-to-rent/property-62323781.html,,1,07/10/2016
20,1603,1 bedroom flat,"Elizabeth Mews, Kay Street, Hackney",http://www.rightmove.co.uk/property-to-rent/property-62323778.html,,1,07/10/2016
21,1603,1 bedroom flat,"Kay Street, Bethnal Green",http://www.rightmove.co.uk/property-to-rent/property-62323193.html,,1,07/10/2016
22,1603,2 bedroom flat,"Camerton Close, Dalston, E8",http://www.rightmove.co.uk/property-to-rent/property-44695656.html,E8,2,07/10/2016
23,2383,2 bedroom flat,"Colonnades Apartments, 35 Sylvester Road, London, E8",http://www.rightmove.co.uk/property-to-rent/property-56200552.html,E8,2,07/10/2016
24,2037,2 bedroom apartment,"Whiston Road, London, E2",http://www.rightmove.co.uk/property-to-rent/property-62275232.html,E2,2,07/10/2016
25,2275,2 bedroom apartment,"King Edward's Road, London, E9",http://www.rightmove.co.uk/property-to-rent/property-61900397.html,E9,2,07/10/2016
26,1560,1 bedroom flat,"Greenwood Road, London, E8",http://www.rightmove.co.uk/property-to-rent/property-44688675.html,E8,1,07/10/2016
27,1668,1 bedroom apartment,"Hackney Road, London, E2",http://www.rightmove.co.uk/property-to-rent/property-62313065.html,E2,1,07/10/2016
28,2730,2 bedroom penthouse,"Sidworth Street, London, E8",http://www.rightmove.co.uk/property-to-rent/property-62309900.html,E8,2,07/10/2016
29,1430,1 bedroom flat,"Queensbridge Road, Dalston",http://www.rightmove.co.uk/property-to-rent/property-56367082.html,,1,07/10/2016
30,1993,2 bedroom apartment,"48-50 Well Street, Hackney, London, E9",http://www.rightmove.co.uk/property-to-rent/property-43865103.html,E9,2,07/10/2016
31,2708,3 bedroom apartment,"Adelaide Wharf, E2",http://www.rightmove.co.uk/property-to-rent/property-62287268.html,E2,3,07/10/2016
32,3033,1 bedroom property,"Ada Street, London",http://www.rightmove.co.uk/property-to-rent/property-56069026.html,,1,07/10/2016
33,1842,2 bedroom flat,"Graham Road, Hackney, London, E8",http://www.rightmove.co.uk/property-to-rent/property-44680542.html,E8,2,07/10/2016
34,3033,1 bedroom flat,"Ada Street, London",http://www.rightmove.co.uk/property-to-rent/property-56352217.html,,1,07/10/2016
35,2058,1 bedroom flat,Beechwood Road Dalston E8,http://www.rightmove.co.uk/property-to-rent/property-62279051.html,E8,1,07/10/2016
36,1550,1 bedroom flat,"Hacon Square, London, E8",http://www.rightmove.co.uk/property-to-rent/property-44677776.html,E8,1,07/10/2016
37,2400,3 bedroom flat,"Royal Oak Road, London, E8",http://www.rightmove.co.uk/property-to-rent/property-62277122.html,E8,3,07/10/2016
38,1863,2 bedroom flat,"Queensbridge Road, London, E8",http://www.rightmove.co.uk/property-to-rent/property-62275859.html,E8,2,07/10/2016
39,1699,2 bedroom flat,"London Fields East Side, London E8",http://www.rightmove.co.uk/property-to-rent/property-56156605.html,E8,2,07/10/2016
40,1517,1 bedroom flat,"Graham Road, London, E8 ",http://www.rightmove.co.uk/property-to-rent/property-44667753.html,E8,1,07/10/2016
41,1798,2 bedroom flat,"Shore Place, Hackney,  E9",http://www.rightmove.co.uk/property-to-rent/property-44662740.html,E9,2,07/10/2016
42,1668,1 bedroom flat,"Hackney Road, Hackney",http://www.rightmove.co.uk/property-to-rent/property-44661828.html,,1,07/10/2016
43,1733,1 bedroom apartment,"Mare Street, London, E8",http://www.rightmove.co.uk/property-to-rent/property-62254115.html,E8,1,07/10/2016
44,1777,2 bedroom flat,"Mare Street, London Fields, London, E8",http://www.rightmove.co.uk/property-to-rent/property-44656344.html,E8,2,07/10/2016
45,2925,4 bedroom apartment,"Samuel Close, Pownall Road, London, E8",http://www.rightmove.co.uk/property-to-rent/property-62101604.html,E8,4,07/10/2016
46,2275,2 bedroom flat,"Martello Street, Hackney",http://www.rightmove.co.uk/property-to-rent/property-56327134.html,,2,07/10/2016
47,1863,2 bedroom flat,"Florfield Passage, London, E8",http://www.rightmove.co.uk/property-to-rent/property-56326642.html,E8,2,07/10/2016
48,2730,2 bedroom flat,"Sidworth Street, London, E8",http://www.rightmove.co.uk/property-to-rent/property-44648952.html,E8,2,07/10/2016
49,1603,1 bedroom flat,"Elizabeth Mews, Kay Street, Shoreditch",http://www.rightmove.co.uk/property-to-rent/property-44645436.html,,1,07/10/2016
50,1900,2 bedroom flat,"Regents Court, Haggerston, E8",http://www.rightmove.co.uk/property-to-rent/property-56317357.html,E8,2,07/10/2016
51,4117,4 bedroom flat,"Richmond Road, London Fields, E8",http://www.rightmove.co.uk/property-to-rent/property-56317354.html,E8,4,07/10/2016
52,5850,4 bedroom flat,"Richmond Road, London Fields, E8",http://www.rightmove.co.uk/property-to-rent/property-56317351.html,E8,4,07/10/2016
53,2990,3 bedroom maisonette,"Navarino Road, London, E8",http://www.rightmove.co.uk/property-to-rent/property-61598150.html,E8,3,07/10/2016
54,2990,4 bedroom maisonette,"Navarino Road, London, E8",http://www.rightmove.co.uk/property-to-rent/property-56032627.html,E8,4,07/10/2016
55,1550,2 bedroom flat,"Sylvester Road, Hackney, E8",http://www.rightmove.co.uk/property-to-rent/property-41930908.html,E8,2,07/10/2016
56,3250,3 bedroom property,"Fuse Apartments, Beechwood Road, Dalston, E8",http://www.rightmove.co.uk/property-to-rent/property-44626707.html,E8,3,07/10/2016
57,1499,1 bedroom flat,"Mare Street, London, E8",http://www.rightmove.co.uk/property-to-rent/property-62194715.html,E8,1,07/10/2016
58,2492,3 bedroom apartment,"Martello Street, E8",http://www.rightmove.co.uk/property-to-rent/property-44610189.html,E8,3,07/10/2016
59,2059,1 bedroom flat,"The Vibe, Dalston, E8",http://www.rightmove.co.uk/property-to-rent/property-62180324.html,E8,1,07/10/2016
60,2700,3 bedroom maisonette,"Queensbridge Road, London, E8",http://www.rightmove.co.uk/property-to-rent/property-44581755.html,E8,3,07/10/2016
61,2427,2 bedroom flat,"Goldsmiths Row, Bethnal Green, E2",http://www.rightmove.co.uk/property-to-rent/property-44220945.html,E2,2,07/10/2016
62,1473,1 bedroom flat,"Dinmont House,  Pritchards Road,  London",http://www.rightmove.co.uk/property-to-rent/property-62134907.html,,1,07/10/2016
63,1928,1 bedroom apartment,"Broadway Market, London, E8",http://www.rightmove.co.uk/property-to-rent/property-62348486.html,E8,1,07/10/2016
64,1668,1 bedroom flat,"Hackney Road, Bethnal Green",http://www.rightmove.co.uk/property-to-rent/property-62129273.html,,1,07/10/2016
65,1473,1 bedroom flat,"Aldwych Court, London Fields, E8",http://www.rightmove.co.uk/property-to-rent/property-44577702.html,E8,1,07/10/2016
66,2687,2 bedroom flat,"Goldsmiths Row, London",http://www.rightmove.co.uk/property-to-rent/property-56243182.html,,2,07/10/2016
67,3250,3 bedroom flat,"Goldsmiths Row, Bethnal Green, E2",http://www.rightmove.co.uk/property-to-rent/property-44564304.html,E2,3,07/10/2016
68,1430,1 bedroom apartment,"Tudor Road, London, E9",http://www.rightmove.co.uk/property-to-rent/property-62101622.html,E9,1,07/10/2016
69,1582,1 bedroom flat,"Queensbridge Road, London, E8",http://www.rightmove.co.uk/property-to-rent/property-44513550.html,E8,1,07/10/2016
70,1625,1 bedroom flat,"Elizabeth Mews, Kay Street, Broadway Market, E2",http://www.rightmove.co.uk/property-to-rent/property-62093708.html,E2,1,07/10/2016
71,1733,2 bedroom flat,London Fields E8,http://www.rightmove.co.uk/property-to-rent/property-62089250.html,E8,2,07/10/2016
72,2167,2 bedroom flat,"King Edwards Road, London Fields, E9",http://www.rightmove.co.uk/property-to-rent/property-56216254.html,E9,2,07/10/2016
73,1842,2 bedroom flat,"Richmond Road, London, E8",http://www.rightmove.co.uk/property-to-rent/property-40759839.html,E8,2,07/10/2016
74,1712,1 bedroom flat,"Richmond Road, London",http://www.rightmove.co.uk/property-to-rent/property-56122924.html,,1,07/10/2016
75,1907,1 bedroom flat,"Richmond Road, London Fields, E8",http://www.rightmove.co.uk/property-to-rent/property-56193466.html,E8,1,07/10/2016
76,1668,1 bedroom flat,"Hackney Road, Bethnal Green",http://www.rightmove.co.uk/property-to-rent/property-56187070.html,,1,07/10/2016
77,2210,2 bedroom apartment,"6 Lansdowne Road, Hackney",http://www.rightmove.co.uk/property-to-rent/property-61894769.html,,2,07/10/2016
78,1473,1 bedroom apartment,Massie Road E8 1BY,http://www.rightmove.co.uk/property-to-rent/property-52112443.html,E8,1,07/10/2016
79,2687,2 bedroom apartment,"Mettle and Poise, Goldsmiths Row, London, E2",http://www.rightmove.co.uk/property-to-rent/property-56173585.html,E2,2,07/10/2016
80,1517,1 bedroom apartment,"Noble House, Hackney Central, E8",http://www.rightmove.co.uk/property-to-rent/property-56168308.html,E8,1,07/10/2016
81,1668,1 bedroom apartment,Hackney Road Hackney E2,http://www.rightmove.co.uk/property-to-rent/property-56166913.html,E2,1,07/10/2016
82,1733,2 bedroom flat,"Albery Court, London Fields, E8",http://www.rightmove.co.uk/property-to-rent/property-44029641.html,E8,2,07/10/2016
83,1990,2 bedroom maisonette,"Elmbridge Walk, Blackstone Estate, London, E8 3HA",http://www.rightmove.co.uk/property-to-rent/property-56165173.html,E8,2,07/10/2016
84,1625,1 bedroom apartment,Kay Street Hackney E2,http://www.rightmove.co.uk/property-to-rent/property-56164168.html,E2,1,07/10/2016
85,1603,1 bedroom apartment,Kay Street Hackney E2,http://www.rightmove.co.uk/property-to-rent/property-56163967.html,E2,1,07/10/2016
86,1668,1 bedroom apartment,"Hackney Road, Bethnal Green, E2",http://www.rightmove.co.uk/property-to-rent/property-56163289.html,E2,1,07/10/2016
87,2495,3 bedroom apartment,"Tudor Grove, Bethnal Green, London, E9",http://www.rightmove.co.uk/property-to-rent/property-44428233.html,E9,3,07/10/2016
88,1777,2 bedroom flat,"Middleton Road, London, E8",http://www.rightmove.co.uk/property-to-rent/property-44427864.html,E8,2,07/10/2016
89,1517,1 bedroom flat,"Graham Road, London, E8 ",http://www.rightmove.co.uk/property-to-rent/property-44427690.html,E8,1,07/10/2016
90,3012,3 bedroom terraced house,"Wilton Way, Hackney, E8",http://www.rightmove.co.uk/property-to-rent/property-44427387.html,E8,3,07/10/2016
91,1668,1 bedroom flat,"Hackney Road, Bethnal Green, E2",http://www.rightmove.co.uk/property-to-rent/property-62015654.html,E2,1,07/10/2016
92,1668,1 bedroom apartment,"Hackney Road,London,E2",http://www.rightmove.co.uk/property-to-rent/property-39378710.html,E2,1,07/10/2016
93,2275,3 bedroom flat,"Classic Mansions, Well Street, London",http://www.rightmove.co.uk/property-to-rent/property-56150788.html,,3,07/10/2016
94,1473,1 bedroom flat,"Pendley House, Whiston Road, Hackney",http://www.rightmove.co.uk/property-to-rent/property-56149855.html,,1,07/10/2016
95,1625,1 bedroom flat,"Elizabeth Mews Kay Street,  Bethnal Green, E2",http://www.rightmove.co.uk/property-to-rent/property-44381775.html,E2,1,07/10/2016
96,1430,1 bedroom flat,"Queensbridge Road, London, E8",http://www.rightmove.co.uk/property-to-rent/property-61971236.html,E8,1,07/10/2016
97,1950,3 bedroom flat,"Greenwood Road, London",http://www.rightmove.co.uk/property-to-rent/property-56124691.html,,3,07/10/2016
98,1668,1 bedroom flat,"Greater London, Hackney Road, E2",http://www.rightmove.co.uk/property-to-rent/property-44376069.html,E2,1,07/10/2016
99,1300,1 bedroom flat,"Cambridge Heath Road, Bethnal Green, London, E2 9BU",http://www.rightmove.co.uk/property-to-rent/property-44375985.html,E2,1,07/10/2016
100,1668,1 bedroom property,"Shoreditch, Hackney Road, E2",http://www.rightmove.co.uk/property-to-rent/property-44374527.html,E2,1,07/10/2016
101,1279,1 bedroom flat,"Sylvester Road, Hackney, E8",http://www.rightmove.co.uk/property-to-rent/property-54917596.html,E8,1,07/10/2016
102,2167,2 bedroom apartment,"King Edwards Road, Hackney, E9",http://www.rightmove.co.uk/property-to-rent/property-61948982.html,E9,2,07/10/2016
103,2383,2 bedroom flat,GROVE HOUSE-TUDOR ROAD,http://www.rightmove.co.uk/property-to-rent/property-61971599.html,,2,07/10/2016
104,2383,2 bedroom flat,GROVE HOUSE-TUDOR ROAD,http://www.rightmove.co.uk/property-to-rent/property-61941701.html,,2,07/10/2016
105,2058,2 bedroom apartment,"Martello Street, London Fields, Hackney",http://www.rightmove.co.uk/property-to-rent/property-61938848.html,,2,07/10/2016
106,1712,2 bedroom flat,"Wharf Place, Bethnal Green, E2",http://www.rightmove.co.uk/property-to-rent/property-44339892.html,E2,2,07/10/2016
107,2275,2 bedroom apartment,"King Edward's Road, London, E9",http://www.rightmove.co.uk/property-to-rent/property-61900397.html,E9,2,07/10/2016
108,1603,1 bedroom apartment,"Elizabeth Mews, Kay Street, Shoreditch, E2",http://www.rightmove.co.uk/property-to-rent/property-61896962.html,E2,1,07/10/2016
109,1668,1 bedroom apartment,"Hackney Road, Shoreditch E2",http://www.rightmove.co.uk/property-to-rent/property-61896965.html,E2,1,07/10/2016
110,2102,2 bedroom flat,"Martello Street, London Fields, E8",http://www.rightmove.co.uk/property-to-rent/property-56068318.html,E8,2,07/10/2016
111,2102,2 bedroom flat,"Martello House, 18 Martello Street, London Fields",http://www.rightmove.co.uk/property-to-rent/property-55912798.html,,2,07/10/2016
112,1668,1 bedroom flat,"Hackney Road, Hackney, E2",http://www.rightmove.co.uk/property-to-rent/property-56075545.html,E2,1,07/10/2016
113,1733,1 bedroom flat,"Martello Street, Hackney",http://www.rightmove.co.uk/property-to-rent/property-56072353.html,,1,07/10/2016
114,1863,1 bedroom flat,"Broadway Market, London",http://www.rightmove.co.uk/property-to-rent/property-56071771.html,,1,07/10/2016
115,1668,1 bedroom apartment,"Hackney Road, Hoxton , London",http://www.rightmove.co.uk/property-to-rent/property-45469699.html,,1,07/10/2016
116,1863,2 bedroom semi-detached house,"Hackney Grove, London, E8",http://www.rightmove.co.uk/property-to-rent/property-54165158.html,E8,2,07/10/2016
117,1603,1 bedroom apartment,"Kay Street, E2",http://www.rightmove.co.uk/property-to-rent/property-45643561.html,E2,1,07/10/2016
118,1668,1 bedroom ground floor flat,"Hackney Road, Bethnal Green, E2",http://www.rightmove.co.uk/property-to-rent/property-44284059.html,E2,1,07/10/2016
119,1950,1 bedroom flat,"Mare Street, Hackney, E8",http://www.rightmove.co.uk/property-to-rent/property-56068324.html,E8,1,07/10/2016
120,1603,1 bedroom apartment,"Elizabeth Mews, Bethnal Green, E2",http://www.rightmove.co.uk/property-to-rent/property-44283276.html,E2,1,07/10/2016
121,1733,1 bedroom flat,"Horton Road, Hackney",http://www.rightmove.co.uk/property-to-rent/property-44275344.html,,1,07/10/2016
122,2383,3 bedroom flat,"Bethnal Green, Broadway Market E2",http://www.rightmove.co.uk/property-to-rent/property-56233066.html,E2,3,07/10/2016
123,1625,1 bedroom flat,"Hackney Road, London",http://www.rightmove.co.uk/property-to-rent/property-56042290.html,,1,07/10/2016
124,1300,1 bedroom apartment,"Wyndhams Court, 32 Celandine Drive, London, E8",http://www.rightmove.co.uk/property-to-rent/property-55343161.html,E8,1,07/10/2016
125,3159,Detached house,"Navarino Road, London",http://www.rightmove.co.uk/property-to-rent/property-61646870.html,,,07/10/2016
126,1733,2 bedroom flat,Hackney Road E2,http://www.rightmove.co.uk/property-to-rent/property-37910863.html,E2,2,07/10/2016
127,1712,1 bedroom flat,51 Tudor Road (8),http://www.rightmove.co.uk/property-to-rent/property-61800692.html,,1,07/10/2016
128,1450,1 bedroom duplex,"Marlborough Avenue, London, E8",http://www.rightmove.co.uk/property-to-rent/property-61794290.html,E8,1,07/10/2016
129,1668,1 bedroom flat,"Hackney Road, Hackney, E2",http://www.rightmove.co.uk/property-to-rent/property-61790486.html,E2,1,07/10/2016
130,1668,1 bedroom flat," Hackney Road,  Shoreditch, E2",http://www.rightmove.co.uk/property-to-rent/property-44226183.html,E2,1,07/10/2016
131,1603,1 bedroom flat,"Elizabeth Mews Kay Street,  Bethnal Green, E2",http://www.rightmove.co.uk/property-to-rent/property-44224689.html,E2,1,07/10/2016
132,1603,1 bedroom flat,"Elizabeth Mews, Bethnal Green E2",http://www.rightmove.co.uk/property-to-rent/property-61250780.html,E2,1,07/10/2016
133,2383,3 bedroom flat,"Pownall Road, London",http://www.rightmove.co.uk/property-to-rent/property-56161789.html,,3,07/10/2016
134,1603,1 bedroom flat,"Elizabeth Mews, Bethnal Green, London",http://www.rightmove.co.uk/property-to-rent/property-61779890.html,,1,07/10/2016
135,1668,1 bedroom flat,"Hackney Road, London, E2",http://www.rightmove.co.uk/property-to-rent/property-44218359.html,E2,1,07/10/2016
136,1668,1 bedroom apartment,"Hackney Road, London, E2",http://www.rightmove.co.uk/property-to-rent/property-44218080.html,E2,1,07/10/2016
137,3294,4 bedroom maisonette,"Navarino Road, Hackney, E8",http://www.rightmove.co.uk/property-to-rent/property-56008702.html,E8,4,07/10/2016
138,1850,2 bedroom flat,"Queensbridge Road, London, Hackney, E2",http://www.rightmove.co.uk/property-to-rent/property-61765814.html,E2,2,07/10/2016
139,2600,3 bedroom flat,GROVE HOUSE-TUDOR ROAD,http://www.rightmove.co.uk/property-to-rent/property-61763801.html,,3,07/10/2016
140,2058,2 bedroom flat,Fortescue Avenue,http://www.rightmove.co.uk/property-to-rent/property-55982509.html,,2,07/10/2016
141,1950,1 bedroom flat,"King Edwards Road, London",http://www.rightmove.co.uk/property-to-rent/property-56287966.html,,1,07/10/2016
142,630,Studio flat,"WELL STREET, HACKNEY, LONDON, E9",http://www.rightmove.co.uk/property-to-rent/property-43934307.html,E9,0,07/10/2016
143,2600,3 bedroom flat,GROVE HOUSE-TUDOR ROAD,http://www.rightmove.co.uk/property-to-rent/property-61652660.html,,3,07/10/2016
144,2600,3 bedroom flat,GROVE HOUSE-TUDOR ROAD,http://www.rightmove.co.uk/property-to-rent/property-61653323.html,,3,07/10/2016
145,1950,2 bedroom flat,"King Edwards Road, Hackney, E9",http://www.rightmove.co.uk/property-to-rent/property-61614737.html,E9,2,07/10/2016
146,1625,1 bedroom apartment,"Elizabeth Mews, Kay Street, London, E2",http://www.rightmove.co.uk/property-to-rent/property-61542575.html,E2,1,07/10/2016
147,1495,1 bedroom apartment,"Richmond Road, London Fields, E8",http://www.rightmove.co.uk/property-to-rent/property-61534751.html,E8,1,07/10/2016
148,1907,2 bedroom flat,Lansdowne Drive E8,http://www.rightmove.co.uk/property-to-rent/property-37615882.html,E8,2,07/10/2016
149,1863,1 bedroom flat,"Broadway Market, London, E8",http://www.rightmove.co.uk/property-to-rent/property-43903920.html,E8,1,07/10/2016
150,2037,1 bedroom apartment,"Kay Street, London",http://www.rightmove.co.uk/property-to-rent/property-61474046.html,,1,07/10/2016
151,2037,2 bedroom flat,"Elizabeth Mews, London E2",http://www.rightmove.co.uk/property-to-rent/property-43970025.html,E2,2,07/10/2016
152,1690,1 bedroom flat,"Richmond Road, Dalston, London",http://www.rightmove.co.uk/property-to-rent/property-55793338.html,,1,07/10/2016
153,1495,1 bedroom apartment,"Queensbridge Road, London, E8",http://www.rightmove.co.uk/property-to-rent/property-61075424.html,E8,1,07/10/2016
154,1625,1 bedroom apartment,"Elizabeth Mews, Kay Street, Shoreditch, E2",http://www.rightmove.co.uk/property-to-rent/property-61441160.html,E2,1,07/10/2016
155,2037,2 bedroom flat,"Elizabeth Mews, Kay Street, London, E2",http://www.rightmove.co.uk/property-to-rent/property-43936962.html,E2,2,07/10/2016
156,2275,2 bedroom flat,"Grove House, Tudor Grove, Victoria Park, London,",http://www.rightmove.co.uk/property-to-rent/property-43929948.html,,2,07/10/2016
157,1603,1 bedroom apartment,"Kay Street, Bethnal Green, E2",http://www.rightmove.co.uk/property-to-rent/property-43881519.html,E2,1,07/10/2016
158,1473,1 bedroom flat,"Martello Street, London",http://www.rightmove.co.uk/property-to-rent/property-55665352.html,,1,07/10/2016
159,2600,2 bedroom flat,"Mentmore Terrace, London",http://www.rightmove.co.uk/property-to-rent/property-55709839.html,,2,07/10/2016
160,1547,1 bedroom flat,"Queensbridge Road, Shoreditch, London",http://www.rightmove.co.uk/property-to-rent/property-56690336.html,,1,07/10/2016
161,1863,2 bedroom flat,Florfield Passage Hackney,http://www.rightmove.co.uk/property-to-rent/property-50175352.html,,2,07/10/2016
162,1425,1 bedroom apartment,"Queensbridge Road, London, E8",http://www.rightmove.co.uk/property-to-rent/property-43678971.html,E8,1,07/10/2016
163,1625,1 bedroom flat,"Kay Street, Bethnal Green E2",http://www.rightmove.co.uk/property-to-rent/property-61250774.html,E2,1,07/10/2016
164,2037,2 bedroom flat,"Kay Street, Bethnal Green E2",http://www.rightmove.co.uk/property-to-rent/property-61250783.html,E2,2,07/10/2016
165,2773,2 bedroom flat,"Charles Hayward Building, Goldsmiths Row, Hackney, E2",http://www.rightmove.co.uk/property-to-rent/property-55537270.html,E2,2,07/10/2016
166,1582,1 bedroom apartment,"Atkins Square, Hackney",http://www.rightmove.co.uk/property-to-rent/property-43536756.html,,1,07/10/2016
167,1408,1 bedroom apartment,"Hare Row, London E2",http://www.rightmove.co.uk/property-to-rent/property-43467834.html,E2,1,07/10/2016
168,1625,1 bedroom apartment,"Elizabeth Mews, Kay Street, London, E2",http://www.rightmove.co.uk/property-to-rent/property-61672439.html,E2,1,07/10/2016
169,1885,2 bedroom flat,"Pritchards Road, London",http://www.rightmove.co.uk/property-to-rent/property-55439563.html,,2,07/10/2016
170,1625,1 bedroom apartment,"Elizabeth Mews, Kay Street,London,E2",http://www.rightmove.co.uk/property-to-rent/property-27630609.html,E2,1,07/10/2016
171,1647,1 bedroom flat,"Kay Street, E2",http://www.rightmove.co.uk/property-to-rent/property-54911572.html,E2,1,07/10/2016
172,1647,2 bedroom flat,"Sylvester Path, E8 ",http://www.rightmove.co.uk/property-to-rent/property-49983334.html,E8,2,07/10/2016
173,1625,1 bedroom flat,"Parkholme Road, Dalston, London",http://www.rightmove.co.uk/property-to-rent/property-59933288.html,,1,07/10/2016
174,1647,1 bedroom apartment,"Kay Street, Hackney, London",http://www.rightmove.co.uk/property-to-rent/property-43282533.html,,1,07/10/2016
175,2037,2 bedroom flat,"Kay Street, Shoreditch, London",http://www.rightmove.co.uk/property-to-rent/property-52604464.html,,2,07/10/2016
176,2037,2 bedroom flat,"Kay Street, Haggerston",http://www.rightmove.co.uk/property-to-rent/property-52620211.html,,2,07/10/2016
177,2037,2 bedroom flat,"Kay Street, Haggerston",http://www.rightmove.co.uk/property-to-rent/property-60920339.html,,2,07/10/2016
178,2037,2 bedroom flat,"Kay Street, Haggerston",http://www.rightmove.co.uk/property-to-rent/property-60920321.html,,2,07/10/2016
179,1365,1 bedroom flat,"Hackney Road, Haggerston",http://www.rightmove.co.uk/property-to-rent/property-60920327.html,,1,07/10/2016
180,1647,1 bedroom apartment,"Kay Street, London E2",http://www.rightmove.co.uk/property-to-rent/property-42599295.html,E2,1,07/10/2016
181,1365,1 bedroom flat,"Hackney Road, E2",http://www.rightmove.co.uk/property-to-rent/property-43275531.html,E2,1,07/10/2016
182,2600,3 bedroom flat,GROVE HOUSE-TUDOR ROAD,http://www.rightmove.co.uk/property-to-rent/property-43270308.html,,3,07/10/2016
183,2037,2 bedroom apartment,"Elizabeth Mews, Kay Street, Shoreditch, E2",http://www.rightmove.co.uk/property-to-rent/property-61896971.html,E2,2,07/10/2016
184,2037,2 bedroom flat,Elizabeth Mews E2,http://www.rightmove.co.uk/property-to-rent/property-60904430.html,E2,2,07/10/2016
185,1400,1 bedroom apartment,"Earlstone Grove, London",http://www.rightmove.co.uk/property-to-rent/property-55019716.html,,1,07/10/2016
186,1798,2 bedroom apartment,"Sylvester Path, E8",http://www.rightmove.co.uk/property-to-rent/property-43214679.html,E8,2,07/10/2016
187,1733,1 bedroom apartment,Gloucester Square London E2,http://www.rightmove.co.uk/property-to-rent/property-58423628.html,E2,1,07/10/2016
188,1278,1 bedroom flat,Livermere Road E8,http://www.rightmove.co.uk/property-to-rent/property-54998308.html,E8,1,07/10/2016
189,2773,2 bedroom apartment,"Charles Hayward Building, Mettle and Poise, Hackney Road, London, E2",http://www.rightmove.co.uk/property-to-rent/property-55225768.html,E2,2,07/10/2016
190,1374,1 bedroom flat,"Queensbridge Road, London, E8",http://www.rightmove.co.uk/property-to-rent/property-60710237.html,E8,1,07/10/2016
191,1560,1 bedroom apartment,"Martello Street, E8 ***Utility Bills Included in the rent***",http://www.rightmove.co.uk/property-to-rent/property-43070355.html,E8,1,07/10/2016
192,953,Studio flat,"Cambridge Heath Road,London,E2",http://www.rightmove.co.uk/property-to-rent/property-29843038.html,E2,0,07/10/2016
193,1798,2 bedroom apartment,"Richmond Road, E8 **Utility Bills Included**",http://www.rightmove.co.uk/property-to-rent/property-60631991.html,E8,2,07/10/2016
194,1993,2 bedroom flat,Goldsmith Row E2,http://www.rightmove.co.uk/property-to-rent/property-28831011.html,E2,2,07/10/2016
195,1690,1 bedroom apartment,"Kay Street, London E2",http://www.rightmove.co.uk/property-to-rent/property-42963429.html,E2,1,07/10/2016
196,1950,3 bedroom terraced house,"Mare Street, London, E8",http://www.rightmove.co.uk/property-to-rent/property-51038788.html,E8,3,07/10/2016
197,1603,1 bedroom apartment,"Elizabeth Mews, Bethnal Green, E2",http://www.rightmove.co.uk/property-to-rent/property-55034287.html,E2,1,07/10/2016
198,1603,1 bedroom flat,"Elizabeth Mews, Kay Street, Bethnal Green, E2",http://www.rightmove.co.uk/property-to-rent/property-62048897.html,E2,1,07/10/2016
199,1625,1 bedroom flat,"Elizabeth Mews, Kay Street, Bethnal Green, E2",http://www.rightmove.co.uk/property-to-rent/property-62048762.html,E2,1,07/10/2016
200,1647,1 bedroom flat,"Elizabeth Mews, Kay Street, London, E2",http://www.rightmove.co.uk/property-to-rent/property-42857286.html,E2,1,07/10/2016
201,1625,1 bedroom apartment,"Shoreditch, Elizabeth Mews, Kay Street, E2",http://www.rightmove.co.uk/property-to-rent/property-42856938.html,E2,1,07/10/2016
202,1700,1 bedroom flat,"Earlston Grove, London, E9",http://www.rightmove.co.uk/property-to-rent/property-42827967.html,E9,1,07/10/2016
203,1625,1 bedroom flat,"Kay Street, E2",http://www.rightmove.co.uk/property-to-rent/property-54911587.html,E2,1,07/10/2016
204,1590,1 bedroom flat,"Martello Street, Hackney",http://www.rightmove.co.uk/property-to-rent/property-41985165.html,,1,07/10/2016
205,2600,3 bedroom apartment,"Ada Street, London, E2",http://www.rightmove.co.uk/property-to-rent/property-42574854.html,E2,3,07/10/2016
206,2167,1 bedroom flat,"Pritchards Road, Bethnal Green, E2",http://www.rightmove.co.uk/property-to-rent/property-43045860.html,E2,1,07/10/2016
207,1777,1 bedroom apartment,"King Edwards Road, E9",http://www.rightmove.co.uk/property-to-rent/property-41918703.html,E9,1,07/10/2016
208,1235,Studio apartment,"Broadway Market, E8",http://www.rightmove.co.uk/property-to-rent/property-41885283.html,E8,0,07/10/2016
209,2383,1 bedroom apartment,Gloucester Square London E2,http://www.rightmove.co.uk/property-to-rent/property-59128022.html,E2,1,07/10/2016
210,1907,2 bedroom flat,Kay Street E2,http://www.rightmove.co.uk/property-to-rent/property-58905317.html,E2,2,07/10/2016
211,1907,2 bedroom flat,"Elizabeth Mews, E2",http://www.rightmove.co.uk/property-to-rent/property-58831541.html,E2,2,07/10/2016
212,1885,2 bedroom apartment,"Cambridge Heath Road, E2",http://www.rightmove.co.uk/property-to-rent/property-40949340.html,E2,2,07/10/2016
213,2210,1 bedroom flat,"Gloucester Square, Haggerston, E2",http://www.rightmove.co.uk/property-to-rent/property-61614860.html,E2,1,07/10/2016
214,2210,1 bedroom flat,"Gloucester Square, Haggerston, E2",http://www.rightmove.co.uk/property-to-rent/property-56357107.html,E2,1,07/10/2016
215,1993,1 bedroom flat,Sylvester Road E8.,http://www.rightmove.co.uk/property-to-rent/property-52690039.html,E8,1,07/10/2016
216,1863,1 bedroom property,"Arthaus Apartments, 205 Richmond Road, London, E8",http://www.rightmove.co.uk/property-to-rent/property-56577863.html,E8,1,07/10/2016
217,1621,2 bedroom flat,"Templecombe Road, Hackney, London",http://www.rightmove.co.uk/property-to-rent/property-55525655.html,,2,07/10/2016
218,1647,2 bedroom apartment,"Queensbridge Road, Dalston, London",http://www.rightmove.co.uk/property-to-rent/property-48568699.html,,2,07/10/2016
